gameID,winner
1313718,black
1313695,red
1313693,black
1313690,red
1313678,red
1313672,black
1313664,red
1313661,red
1313649,black
1313647,black
1313636,red
1313622,black
1313603,black
1313597,black
1313594,red
1313569,black
1313567,black
1313566,red
1313565,black
1313561,red
1313547,black
1313530,red
1313515,red
1313512,red
1313506,red
1313484,red
1313481,black
1313478,black
1313474,black
1313473,black
1313462,red
1313460,black
1313446,red
1313440,black
1313435,red
1313426,red
1313405,black
1313402,red
1313401,black
1313396,red
1313395,red
1313385,red
1313373,black
1313360,black
1313347,red
1313329,red
1313325,red
1313316,red
1313311,black
1313304,black
1313287,red
1313279,black
1313274,red
1313259,red
1313258,red
1313255,red
1313253,black
1313243,red
1313230,red
1313219,red
1313207,black
1313205,red
1313193,black
1313180,red
1313173,black
1313147,red
1313140,black
1313139,black
1313138,black
1313136,red
1313135,black
1313131,red
1313127,red
1313116,red
1313113,black
1313104,red
1313103,black
1313096,black
1313078,red
1313074,red
1313071,red
1313066,red
1313056,red
1313053,red
1313051,red
1313046,black
1313043,red
1313037,red
1313026,red
1313023,black
1313022,red
1313021,black
1313018,black
1313013,black
1313010,black
1313009,red
1313006,black
1313003,red
1312999,black
1312997,black
1312995,red
1312986,red
1312985,red
1312984,red
1312981,black
1312978,red
1312977,red
1312935,red
1312905,red
1312898,black
1312893,black
1312871,black
1312861,red
1312851,red
1312768,red
1312742,black
1312704,red
1312667,black
1312666,red
1312629,red
1312623,red
1312620,red
1312618,black
1312616,red
1312601,red
1312600,black
1312598,black
1312567,red
1312548,red
1312530,red
1312526,black
1312525,red
1312521,black
1312520,red
1312515,red
1312496,red
1312485,red
1312483,black
1312482,black
1312477,red
1312466,red
1312465,black
1312463,black
1312460,black
1312449,black
1312437,black
1312431,black
1312426,black
1312403,red
1312401,red
1312398,black
1312394,black
1312393,red
1312385,black
1312382,black
1312369,red
1312352,red
1312342,red
1312327,red
1312326,black
1312320,black
1312313,black
1312306,red
1312288,black
1312285,black
1312277,red
1312276,black
1312261,black
1312260,red
1312257,red
1312256,black
1312242,red
1312240,red
1312236,red
1312235,red
1312221,black
1312216,red
1312207,red
1312199,red
1312196,black
1312191,black
1312190,black
1312175,black
1312174,red
1312167,red
1312155,red
1312125,black
1312120,black
1312098,red
1312096,red
1312088,red
1312087,red
1312084,black
1312069,red
1312068,red
1312020,red
1312014,red
1312011,black
1312009,red
1311971,black
1311938,red
1311879,red
1311854,red
1311824,black
1311817,red
1311795,red
1311794,black
1311793,black
1311767,red
1311708,black
1311703,black
1311702,red
1311701,red
1311700,black
1311699,black
1311695,black
1311694,black
1311693,black
1311628,black
1311607,red
1311587,red
1311570,red
1311535,red
1311534,black
1311533,red
1311532,red
1311523,red
1311522,black
1311504,red
1311497,red
1311495,red
1311488,red
1311478,black
1311471,red
1311455,red
1311415,red
1311414,red
1311413,black
1311412,red
1311404,red
1311400,black
1311399,red
1311397,black
1311396,black
1311395,black
1311394,black
1311393,black
1311392,black
1311382,black
1311375,red
1311373,black
1311371,red
1311369,red
1311368,black
1311359,red
1311358,black
1311357,black
1311356,black
1311354,black
1311353,red
1311347,red
1311343,black
1311342,black
1311341,red
1311339,red
1311330,red
1311313,black
1311305,black
1311292,red
1311291,black
1311290,red
1311272,black
1311270,black
1311268,black
1311259,black
1311243,black
1311216,black
1311211,black
1311197,red
1311193,red
1311187,black
1311184,red
1311183,red
1311156,black
1311150,red
1311143,red
1311139,red
1311127,black
1311126,red
1311121,red
1311118,red
1311110,red
1311101,black
1311096,black
1311092,red
1311089,red
1311087,red
1311084,red
1311082,red
1311081,black
1311072,red
1311070,black
1311069,black
1311061,black
1311060,red
1311059,black
1311053,red
1311052,black
1311049,black
1311048,red
1311047,red
1311044,red
1311043,red
1311042,red
1311038,red
1311037,black
1311036,red
1311035,red
1311034,black
1311033,red
1311032,black
1311031,red
1311030,black
1311029,red
1311027,black
1311026,black
1311024,black
1311023,red
1311022,black
1311021,black
1311020,black
1311017,red
1311016,black
1311015,black
1311014,red
1311012,black
1311011,black
1311010,black
1311008,black
1311007,black
1310997,red
1310995,red
1310994,black
1310993,black
1310990,red
1310960,black
1310958,red
1310956,red
1310954,red
1310953,black
1310951,red
1310940,red
1310936,black
1310931,black
1310928,black
1310927,black
1310926,black
1310923,black
1310922,red
1310921,black
1310913,black
1310910,red
1310906,black
1310902,black
1310901,black
1310900,black
1310898,black
1310897,black
1310896,black
1310894,black
1310891,black
1310890,red
1310879,red
1310874,black
1310872,red
1310871,black
1310869,red
1310858,red
1310856,black
1310840,red
1310835,black
1310831,black
1310828,black
1310825,black
1310819,black
1310817,black
1310815,black
1310814,black
1310806,red
1310801,red
1310787,black
1310779,red
1310771,black
1310764,red
1310763,black
1310762,red
1310761,black
1310754,black
1310743,red
1310740,red
1310735,black
1310734,black
1310733,black
1310732,black
1310720,black
1310719,red
1310718,red
1310717,red
1310705,red
1310703,red
1310698,red
1310697,red
1310687,black
1310683,black
1310682,red
1310680,red
1310673,black
1310671,red
1310670,red
1310669,red
1310668,black
1310667,red
1310647,black
1310634,red
1310633,red
1310632,black
1310631,red
1310629,red
1310628,red
1310627,black
1310626,red
1310625,red
1310609,red
1310600,red
1310599,red
1310595,red
1310594,black
1310593,black
1310592,black
1310591,red
1310590,black
1310588,black
1310583,black
1310582,red
1310580,black
1310579,black
1310576,black
1310575,black
1310572,black
1310563,black
1310562,black
1310556,red
1310553,black
1310543,black
1310542,red
1310541,red
1310540,red
1310538,black
1310537,red
1310534,red
1310529,red
1310528,black
1310527,black
1310526,black
1310525,black
1310524,red
1310521,black
1310519,red
1310517,red
1310516,black
1310513,black
1310511,red
1310508,red
1310506,black
1310505,red
1310504,black
1310502,red
1310500,black
1310499,black
1310498,red
1310493,black
1310471,red
1310470,black
1310466,black
1310460,red
1310450,red
1310449,red
1310448,black
1310444,red
1310443,black
1310442,black
1310440,black
1310439,red
1310438,red
1310437,black
1310436,black
1310432,black
1310428,black
1310424,red
1310423,red
1310422,red
1310420,black
1310412,red
1310411,red
1310408,red
1310407,black
1310406,red
1310404,black
1310401,black
1310399,black
1310395,red
1310394,red
1310393,black
1310392,black
1310390,black
1310386,black
1310385,red
1310384,black
1310383,red
1310378,red
1310376,black
1310375,red
1310374,red
1310367,red
1310363,red
1310361,red
1310356,black
1310355,black
1310354,red
1310353,red
1310352,red
1310349,black
1310348,red
1310347,red
1310342,black
1310340,black
1310339,red
1310338,black
1310337,red
1310333,red
1310332,black
1310325,red
1310323,black
1310321,black
1310319,black
1310314,black
1310304,red
1310303,black
1310302,red
1310301,red
1310293,black
1310292,red
1310291,red
1310289,red
1310288,red
1310287,black
1310286,black
1310283,black
1310282,red
1310279,black
1310278,black
1310277,black
1310276,red
1310275,black
1310274,black
1310272,black
1310267,red
1310265,black
1310264,black
1310259,black
1310258,red
1310257,red
1310256,black
1310255,black
1310253,black
1310250,black
1310245,red
1310244,black
1310243,red
1310240,red
1310238,black
1310237,black
1310236,black
1310235,black
1310234,red
1310231,black
1310229,red
1310224,red
1310223,red
1310222,black
1310215,black
1310214,black
1310213,red
1310212,black
1310211,black
1310210,red
1310209,black
1310208,black
1310207,black
1310206,black
1310205,black
1310204,black
1310203,black
1310202,red
1310201,black
1310200,black
1310199,red
1310198,black
1310197,black
1310194,black
1310193,red
1310192,black
1310189,black
1310188,black
1310187,black
1310186,red
1310185,black
1310181,red
1310177,black
1310176,red
1310175,red
1310174,red
1310173,red
1310172,red
1310171,red
1310170,black
1310169,red
1310168,black
1310166,red
1310165,red
1310162,black
1310161,black
1310160,red
1310158,red
1310156,red
1310155,black
1310154,black
1310153,black
1310151,black
1310150,black
1310147,red
1310146,black
1310144,black
1310142,red
1310136,red
1310135,black
1310134,black
1310133,black
1310131,black
1310130,black
1310128,red
1310104,black
1310100,black
1310096,black
1310090,black
1310086,black
1310084,red
1310083,black
1310082,red
1310081,red
1310076,red
1310073,red
1310071,red
1310068,red
1310065,red
1310064,red
1310063,red
1310062,black
1310053,red
1310052,red
1310051,black
1310050,black
1310049,black
1310048,black
1310047,black
1310046,black
1310045,red
1310041,black
1310038,red
1310032,red
1310031,red
1310029,red
1310028,black
1310025,red
1310019,black
1310018,red
1310017,red
1310013,black
1310012,red
1310010,black
1310008,red
1310005,red
1310000,red
1309998,black
1309989,red
1309986,red
1309983,black
1309982,black
1309978,black
1309977,black
1309974,red
1309973,red
1309972,red
1309971,red
1309970,black
1309969,red
1309967,red
1309965,red
1309963,red
1309962,black
1309958,red
1309953,red
1309952,black
1309951,red
1309947,red
1309946,red
1309945,black
1309935,black
1309933,red
1309931,red
1309929,black
1309928,black
1309927,red
1309916,red
1309915,black
1309913,black
1309908,red
1309901,red
1309900,black
1309899,red
1309896,red
1309894,black
1309889,black
1309886,black
1309885,black
1309883,red
1309882,red
1309879,red
1309878,black
1309877,red
1309875,red
1309874,red
1309871,black
1309868,red
1309867,black
1309866,black
1309864,red
1309862,red
1309861,red
1309859,black
1309857,red
1309855,red
1309852,red
1309851,red
1309844,red
1309843,red
1309842,red
1309841,black
1309840,black
1309839,red
1309835,red
1309833,black
1309830,black
1309829,red
1309828,black
1309826,red
1309825,black
1309822,black
1309815,red
1309813,black
1309811,red
1309810,red
1309809,black
1309803,red
1309802,black
1309798,black
1309797,black
1309796,red
1309795,black
1309794,black
1309792,red
1309791,black
1309790,red
1309789,red
1309788,red
1309787,red
1309784,black
1309783,black
1309775,red
1309773,red
1309771,red
1309764,black
1309763,black
1309759,red
1309757,black
1309756,black
1309755,red
1309754,black
1309753,red
1309750,black
1309749,red
1309743,red
1309742,black
1309740,red
1309739,red
1309738,red
1309736,red
1309734,black
1309733,black
1309732,black
1309729,red
1309728,red
1309725,black
1309724,red
1309723,red
1309721,red
1309720,red
1309718,red
1309717,black
1309713,red
1309712,red
1309701,black
1309700,red
1309698,black
1309697,black
1309692,black
1309689,red
1309688,red
1309687,red
1309684,red
1309683,red
1309682,red
1309679,red
1309678,red
1309676,red
1309674,black
1309663,black
1309662,black
1309661,black
1309660,red
1309659,black
1309652,black
1309650,black
1309648,red
1309647,red
1309646,black
1309642,red
1309639,black
1309636,red
1309635,black
1309634,black
1309633,black
1309632,red
1309627,black
1309625,red
1309623,red
1309619,red
1309618,black
1309617,black
1309616,black
1309615,black
1309614,black
1309613,red
1309612,red
1309610,black
1309606,black
1309597,black
1309596,red
1309591,black
1309585,black
1309583,red
1309582,black
1309579,red
1309578,black
1309574,red
1309568,black
1309563,black
1309562,black
1309561,black
1309558,red
1309553,red
1309551,red
1309550,red
1309548,black
1309547,red
1309546,red
1309539,red
1309537,red
1309535,black
1309534,black
1309531,red
1309529,black
1309525,black
1309524,red
1309520,black
1309519,black
1309494,red
1309492,red
1309491,red
1309488,black
1309486,black
1309485,red
1309484,black
1309483,red
1309481,red
1309480,red
1309478,black
1309477,red
1309476,red
1309474,red
1309473,red
1309471,red
1309470,black
1309463,red
1309461,red
1309458,black
1309456,red
1309448,red
1309446,red
1309445,black
1309444,black
1309443,red
1309441,black
1309439,red
1309438,red
1309437,black
1309436,red
1309427,red
1309426,red
1309425,black
1309422,black
1309421,red
1309420,black
1309416,red
1309415,black
1309413,black
1309411,black
1309409,black
1309408,black
1309405,red
1309404,red
1309400,black
1309396,red
1309394,black
1309393,red
1309392,red
1309391,red
1309390,red
1309389,black
1309388,red
1309387,black
1309384,red
1309383,black
1309380,red
1309379,red
1309378,red
1309377,red
1309376,red
1309373,red
1309372,red
1309371,black
1309370,black
1309369,red
1309368,red
1309367,red
1309364,black
1309359,red
1309358,black
1309353,red
1309346,red
1309345,red
1309340,red
1309339,red
1309337,red
1309333,black
1309329,red
1309328,black
1309325,black
1309319,black
1309318,red
1309317,red
1309316,red
1309315,black
1309313,black
1309312,red
1309311,red
1309310,red
1309309,black
1309308,red
1309301,red
1309300,red
1309297,black
1309290,black
1309287,red
1309286,red
1309283,red
1309281,black
1309279,black
1309277,black
1309276,red
1309273,red
1309271,black
1309270,red
1309269,black
1309262,red
1309260,red
1309258,black
1309251,red
1309248,black
1309243,black
1309235,black
1309229,red
1309227,red
1309225,red
1309224,red
1309223,red
1309222,red
1309217,black
1309216,red
1309215,red
1309214,red
1309212,red
1309209,black
1309207,black
1309202,red
1309201,black
1309199,black
1309197,black
1309196,black
1309195,red
1309194,black
1309192,red
1309191,red
1309189,black
1309183,black
1309182,red
1309181,red
1309180,black
1309175,red
1309166,red
1309159,red
1309158,black
1309157,red
1309156,red
1309154,black
1309152,black
1309151,red
1309150,red
1309144,black
1309143,red
1309136,red
1309133,black
1309129,black
1309121,red
1309120,black
1309119,red
1309118,black
1309112,red
1309111,black
1309108,black
1309106,red
1309105,red
1309103,red
1309101,black
1309100,black
1309098,red
1309097,black
1309096,black
1309094,red
1309093,black
1309092,red
1309091,black
1309088,red
1309087,black
1309086,red
1309084,black
1309083,black
1309082,red
1309081,red
1309079,black
1309078,red
1309076,red
1309071,black
1309067,red
1309066,black
1309063,black
1309060,black
1309058,black
1309057,red
1309056,black
1309054,red
1309053,black
1309051,red
1309050,black
1309046,black
1309045,black
1309043,red
1309036,black
1309035,black
1309033,black
1309031,black
1309030,red
1309029,red
1309028,black
1309027,black
1309024,black
1309023,red
1309021,red
1309020,black
1309019,black
1309016,black
1309013,black
1309012,black
1309011,red
1309007,red
1309006,red
1309004,red
1309002,red
1309001,red
1308999,red
1308998,red
1308995,black
1308993,black
1308990,red
1308989,black
1308988,black
1308987,red
1308986,black
1308985,red
1308982,red
1308981,red
1308979,red
1308978,black
1308975,black
1308974,black
1308973,red
1308971,black
1308960,red
1308959,red
1308958,black
1308957,red
1308956,black
1308954,red
1308950,red
1308948,black
1308945,red
1308942,red
1308940,black
1308938,black
1308935,black
1308931,black
1308928,black
1308927,red
1308924,black
1308913,black
1308912,black
1308911,black
1308910,red
1308907,black
1308905,red
1308903,black
1308902,red
1308901,black
1308899,black
1308897,black
1308895,red
1308894,red
1308893,black
1308892,black
1308886,red
1308881,red
1308877,black
1308876,red
1308866,black
1308865,black
1308864,black
1308863,red
1308862,black
1308859,red
1308857,red
1308856,red
1308855,red
1308854,black
1308851,red
1308848,black
1308847,black
1308846,red
1308842,red
1308840,red
1308839,red
1308836,red
1308835,red
1308834,black
1308830,red
1308827,red
1308825,black
1308824,black
1308822,red
1308821,red
1308820,black
1308818,red
1308817,black
1308814,black
1308813,red
1308812,red
1308809,red
1308807,black
1308806,red
1308805,red
1308804,red
1308803,black
1308802,red
1308801,black
1308800,red
1308799,black
1308797,red
1308796,black
1308795,red
1308794,black
1308786,black
1308785,red
1308784,red
1308782,black
1308781,black
1308779,black
1308778,black
1308776,black
1308775,red
1308772,black
1308770,red
1308769,red
1308768,black
1308767,black
1308765,red
1308762,black
1308758,black
1308752,red
1308751,black
1308750,red
1308749,red
1308748,red
1308747,black
1308745,red
1308741,red
1308740,red
1308739,red
1308736,red
1308735,red
1308732,black
1308726,red
1308723,red
1308722,black
1308720,black
1308719,red
1308718,red
1308717,black
1308711,black
1308708,black
1308705,black
1308704,red
1308701,red
1308700,red
1308698,black
1308697,red
1308691,red
1308690,red
1308689,red
1308686,red
1308684,red
1308683,red
1308681,black
1308680,red
1308679,black
1308678,black
1308677,black
1308676,red
1308671,red
1308670,red
1308668,black
1308667,red
1308666,red
1308665,black
1308664,black
1308663,black
1308661,black
1308660,red
1308658,black
1308657,black
1308656,black
1308655,red
1308653,red
1308652,red
1308647,red
1308646,black
1308645,red
1308644,red
1308641,black
1308634,red
1308633,red
1308632,red
1308630,red
1308629,black
1308628,red
1308627,red
1308626,black
1308625,red
1308624,black
1308623,black
1308622,black
1308621,red
1308620,black
1308619,black
1308617,black
1308614,black
1308612,red
1308610,black
1308609,red
1308608,red
1308607,red
1308606,red
1308604,red
1308602,black
1308601,red
1308599,black
1308598,red
1308595,black
1308594,black
1308592,black
1308591,red
1308590,red
1308588,black
1308585,black
1308584,black
1308582,red
1308580,red
1308578,black
1308577,black
1308572,black
1308570,red
1308568,black
1308566,black
1308564,red
1308563,black
1308560,black
1308559,red
1308558,red
1308556,red
1308554,black
1308553,red
1308552,black
1308551,black
1308548,red
1308545,black
1308543,red
1308541,red
1308540,red
1308537,black
1308535,black
1308531,black
1308529,black
1308527,red
1308524,red
1308523,red
1308521,red
1308518,black
1308517,red
1308516,red
1308515,black
1308513,black
1308512,red
1308511,red
1308509,red
1308508,black
1308507,black
1308504,red
1308503,red
1308502,red
1308501,red
1308499,red
1308498,red
1308497,red
1308496,red
1308495,black
1308494,black
1308484,red
1308482,red
1308478,black
1308477,red
1308474,black
1308472,red
1308471,black
1308462,red
1308453,black
1308452,red
1308451,red
1308448,black
1308447,red
1308443,red
1308442,red
1308438,black
1308436,red
1308435,black
1308427,red
1308423,black
1308422,black
1308421,black
1308420,black
1308418,red
1308416,black
1308415,red
1308411,black
1308410,black
1308409,red
1308407,red
1308406,red
1308404,red
1308402,black
1308401,red
1308399,red
1308396,black
1308395,red
1308394,red
1308389,red
1308385,black
1308383,black
1308382,red
1308380,red
1308379,black
1308378,black
1308377,black
1308376,red
1308375,black
1308374,black
1308373,red
1308372,red
1308371,red
1308369,red
1308368,red
1308367,black
1308366,black
1308365,red
1308364,black
1308363,red
1308358,black
1308357,black
1308356,red
1308355,red
1308352,black
1308350,black
1308349,black
1308348,black
1308346,black
1308345,red
1308344,red
1308343,black
1308342,red
1308341,red
1308339,red
1308337,red
1308336,red
1308335,red
1308333,black
1308331,black
1308329,red
1308328,black
1308327,black
1308326,red
1308325,red
1308322,red
1308318,red
1308313,black
1308311,black
1308310,black
1308309,red
1308304,red
1308302,red
1308300,red
1308299,red
1308295,black
1308294,black
1308293,red
1308292,black
1308287,red
1308286,black
1308284,black
1308283,black
1308282,red
1308279,black
1308278,red
1308277,red
1308276,black
1308275,black
1308274,black
1308273,black
1308269,red
1308268,black
1308267,red
1308266,red
1308265,black
1308264,red
1308262,black
1308261,black
1308260,black
1308259,red
1308258,black
1308257,black
1308256,black
1308255,red
1308254,red
1308253,red
1308251,black
1308250,red
1308247,black
1308246,black
1308245,black
1308244,black
1308240,black
1308239,black
1308238,red
1308235,red
1308234,red
1308231,black
1308229,red
1308228,red
1308227,red
1308224,black
1308223,red
1308222,black
1308221,red
1308216,black
1308215,black
1308214,red
1308213,red
1308210,black
1308207,red
1308205,red
1308203,black
1308202,red
1308201,black
1308200,black
1308197,black
1308195,black
1308194,black
1308191,red
1308189,red
1308161,red
1308160,red
1308156,black
1308153,red
1308151,red
1308148,black
1308147,black
1308146,red
1308144,red
1308141,red
1308139,red
1308136,black
1308134,red
1308132,black
1308131,red
1308129,red
1308128,red
1308127,red
1308126,black
1308125,red
1308124,black
1308121,red
1308120,black
1308115,black
1308114,black
1308112,black
1308111,red
1308110,red
1308107,black
1308105,black
1308103,black
1308101,red
1308099,black
1308098,red
1308095,red
1308093,black
1308092,black
1308091,black
1308088,black
1308087,red
1308086,red
1308082,red
1308081,red
1308079,red
1308076,black
1308075,red
1308074,red
1308070,red
1308069,red
1308065,black
1308064,black
1308062,black
1308061,black
1308059,red
1308057,black
1308056,black
1308055,black
1308054,red
1308052,black
1308051,black
1308049,red
1308047,black
1308046,red
1308044,red
1308040,red
1308039,red
1308038,black
1308037,red
1308036,black
1308035,red
1308034,black
1308031,red
1308027,red
1308025,black
1308021,black
1308020,red
1308019,black
1308018,red
1308014,black
1308007,black
1308000,red
1307999,black
1307997,red
1307994,black
1307993,red
1307990,black
1307989,red
1307985,red
1307984,black
1307980,black
1307977,red
1307976,red
1307975,black
1307974,black
1307972,black
1307971,red
1307970,black
1307969,red
1307968,red
1307966,black
1307965,red
1307958,red
1307957,red
1307954,black
1307953,black
1307951,red
1307949,black
1307939,red
1307938,black
1307937,red
1307935,black
1307934,black
1307932,red
1307931,black
1307930,red
1307929,red
1307928,black
1307927,black
1307923,red
1307922,black
1307921,black
1307920,red
1307919,black
1307908,red
1307905,red
1307897,red
1307896,red
1307895,red
1307894,black
1307893,red
1307888,black
1307887,red
1307885,black
1307884,red
1307883,red
1307882,black
1307881,black
1307879,red
1307877,red
1307876,red
1307875,black
1307872,red
1307870,red
1307869,red
1307868,red
1307865,red
1307862,black
1307861,red
1307859,black
1307857,red
1307856,red
1307855,black
1307853,red
1307852,black
1307850,red
1307849,black
1307848,black
1307847,red
1307846,black
1307845,black
1307843,red
1307841,red
1307839,black
1307836,red
1307833,red
1307831,red
1307829,black
1307825,black
1307823,red
1307822,black
1307821,red
1307820,black
1307818,black
1307814,red
1307813,red
1307811,red
1307810,black
1307808,red
1307805,black
1307803,black
1307800,red
1307797,red
1307795,red
1307794,red
1307793,black
1307790,black
1307781,black
1307779,red
1307778,red
1307777,red
1307776,red
1307775,black
1307774,red
1307773,red
1307772,red
1307770,black
1307769,red
1307764,red
1307763,black
1307762,red
1307761,black
1307760,black
1307759,red
1307756,black
1307754,red
1307753,red
1307752,black
1307751,black
1307748,black
1307747,red
1307745,black
1307744,red
1307743,black
1307742,black
1307741,red
1307739,red
1307738,black
1307737,red
1307734,red
1307733,black
1307732,black
1307730,red
1307728,red
1307727,red
1307726,black
1307725,red
1307724,red
1307722,black
1307720,black
1307718,red
1307715,red
1307714,red
1307713,black
1307712,black
1307710,red
1307707,black
1307706,black
1307705,red
1307704,red
1307703,red
1307701,black
1307700,red
1307699,black
1307698,red
1307696,red
1307695,red
1307692,black
1307691,red
1307690,black
1307686,red
1307683,red
1307682,red
1307681,red
1307680,red
1307679,red
1307678,red
1307676,black
1307675,black
1307674,red
1307671,black
1307670,red
1307666,red
1307665,red
1307664,red
1307661,black
1307660,black
1307659,black
1307657,black
1307656,black
1307655,black
1307654,red
1307653,red
1307652,black
1307651,red
1307650,red
1307649,red
1307646,black
1307645,black
1307644,red
1307643,red
1307642,black
1307640,black
1307639,black
1307638,red
1307636,black
1307635,red
1307634,red
1307633,red
1307632,red
1307631,black
1307629,black
1307628,red
1307627,black
1307626,black
1307620,black
1307619,black
1307618,red
1307614,red
1307613,black
1307610,black
1307609,black
1307608,red
1307607,black
1307606,red
1307605,red
1307604,black
1307600,black
1307598,black
1307596,red
1307595,red
1307592,red
1307586,black
1307582,red
1307581,red
1307579,black
1307576,black
1307575,red
1307574,red
1307572,red
1307571,red
1307569,black
1307566,black
1307564,red
1307562,red
1307561,black
1307557,red
1307556,red
1307555,red
1307553,red
1307550,black
1307549,black
1307548,red
1307547,black
1307546,red
1307545,black
1307544,black
1307543,red
1307538,red
1307535,black
1307530,black
1307528,black
1307527,black
1307526,red
1307525,black
1307521,red
1307520,black
1307517,red
1307516,black
1307515,black
1307513,red
1307512,black
1307511,red
1307510,black
1307509,red
1307508,red
1307507,red
1307506,black
1307504,red
1307501,red
1307500,red
1307498,red
1307497,red
1307492,red
1307491,black
1307488,black
1307485,red
1307483,red
1307477,red
1307473,red
1307471,black
1307470,black
1307468,red
1307465,red
1307464,black
1307461,black
1307460,black
1307456,red
1307455,black
1307454,black
1307451,black
1307450,black
1307449,red
1307448,red
1307447,red
1307446,red
1307445,red
1307444,black
1307442,black
1307441,red
1307440,black
1307438,red
1307437,black
1307436,red
1307435,black
1307434,black
1307432,red
1307431,red
1307425,red
1307424,red
1307422,red
1307420,red
1307419,red
1307418,black
1307417,black
1307416,red
1307415,black
1307414,red
1307413,red
1307412,red
1307411,red
1307409,black
1307407,black
1307406,black
1307404,red
1307402,red
1307401,red
1307400,red
1307399,black
1307398,red
1307397,red
1307396,black
1307395,red
1307394,red
1307391,black
1307390,black
1307389,black
1307388,red
1307387,red
1307385,black
1307384,red
1307382,black
1307381,red
1307379,red
1307376,red
1307375,red
1307368,black
1307367,red
1307363,black
1307361,black
1307360,black
1307357,black
1307350,red
1307349,red
1307348,red
1307345,red
1307340,black
1307330,red
1307322,red
1307321,black
1307312,black
1307311,red
1307310,red
1307308,black
1307307,red
1307305,black
1307302,black
1307279,black
1307232,black
1307231,red
1307229,red
1307227,red
1307226,red
1307225,red
1307224,black
1307223,black
1307222,black
1307220,red
1307219,red
1307213,black
1307207,red
1307205,black
1307204,black
1307203,red
1307201,black
1307199,black
1307198,red
1307197,black
1307196,red
1307194,black
1307193,red
1307190,black
1307189,red
1307188,red
1307185,black
1307182,black
1307181,red
1307180,red
1307178,red
1307177,red
1307176,black
1307175,red
1307174,black
1307173,black
1307169,red
1307168,black
1307167,red
1307165,red
1307161,black
1307160,black
1307159,red
1307158,red
1307156,black
1307154,red
1307153,red
1307152,red
1307151,red
1307150,red
1307148,black
1307147,black
1307146,red
1307142,red
1307141,black
1307139,red
1307137,black
1307136,black
1307135,red
1307132,red
1307130,red
1307129,red
1307126,red
1307125,black
1307124,red
1307123,red
1307121,black
1307120,black
1307117,red
1307116,black
1307113,black
1307109,black
1307107,black
1307105,black
1307099,black
1307098,black
1307093,red
1307091,red
1307090,red
1307089,black
1307087,red
1307085,red
1307084,black
1307083,black
1307081,black
1307080,black
1307079,black
1307078,red
1307077,red
1307076,black
1307074,red
1307073,red
1307072,black
1307071,black
1307069,red
1307068,red
1307067,black
1307066,red
1307061,red
1307060,red
1307057,red
1307056,red
1307055,black
1307054,black
1307052,red
1307050,red
1307049,black
1307048,red
1307047,red
1307045,red
1307041,red
1307036,black
1307035,red
1307033,black
1307031,red
1307029,black
1307028,black
1307027,black
1307025,red
1307024,black
1307023,red
1307021,red
1307020,red
1307019,red
1307017,black
1307016,black
1307015,red
1307014,black
1307013,black
1307012,red
1307011,black
1307010,red
1307007,black
1307004,black
1307002,red
1307000,red
1306999,black
1306996,red
1306994,red
1306992,black
1306991,red
1306990,black
1306989,red
1306985,red
1306984,red
1306983,red
1306982,red
1306979,red
1306978,black
1306977,red
1306976,black
1306975,red
1306974,red
1306972,red
1306971,red
1306970,black
1306969,red
1306968,red
1306967,red
1306966,red
1306965,black
1306963,black
1306962,black
1306961,red
1306960,black
1306959,black
1306957,red
1306955,red
1306953,red
1306952,black
1306951,red
1306949,red
1306948,black
1306946,red
1306945,black
1306944,red
1306942,red
1306941,black
1306939,black
1306938,black
1306936,red
1306934,black
1306933,black
1306932,red
1306929,red
1306928,red
1306927,black
1306926,red
1306925,black
1306924,black
1306923,black
1306921,black
1306920,red
1306918,black
1306917,red
1306916,black
1306915,red
1306912,black
1306910,black
1306909,black
1306908,black
1306907,black
1306904,black
1306902,black
1306900,red
1306899,black
1306898,red
1306897,red
1306895,red
1306893,black
1306892,red
1306891,black
1306890,red
1306889,black
1306888,red
1306886,red
1306884,black
1306878,black
1306874,red
1306872,red
1306871,black
1306870,black
1306869,black
1306868,black
1306865,red
1306864,red
1306863,red
1306862,black
1306861,red
1306860,red
1306858,black
1306857,black
1306856,black
1306854,black
1306853,red
1306852,black
1306851,red
1306850,red
1306847,black
1306844,red
1306842,black
1306841,red
1306838,black
1306837,black
1306835,black
1306834,red
1306833,red
1306832,red
1306830,red
1306828,black
1306827,black
1306826,red
1306824,red
1306823,black
1306822,black
1306821,black
1306820,red
1306819,black
1306817,red
1306816,black
1306815,red
1306814,red
1306813,red
1306808,black
1306807,red
1306806,black
1306803,red
1306801,black
1306798,red
1306796,red
1306795,black
1306794,red
1306793,red
1306792,red
1306791,red
1306790,black
1306789,red
1306788,black
1306787,red
1306786,red
1306783,red
1306781,black
1306779,black
1306778,black
1306777,red
1306776,black
1306775,black
1306773,black
1306772,red
1306770,red
1306768,red
1306767,red
1306766,red
1306763,black
1306762,black
1306761,red
1306760,black
1306758,red
1306757,black
1306756,red
1306755,black
1306754,red
1306753,red
1306752,black
1306750,red
1306749,black
1306747,black
1306745,black
1306743,red
1306742,red
1306741,black
1306739,red
1306737,black
1306736,black
1306735,red
1306733,red
1306732,black
1306731,red
1306727,red
1306726,red
1306725,black
1306724,black
1306723,black
1306721,black
1306718,red
1306715,black
1306714,black
1306712,red
1306711,black
1306710,black
1306709,red
1306707,black
1306706,black
1306704,black
1306703,black
1306701,red
1306699,red
1306698,black
1306697,black
1306696,red
1306692,black
1306691,red
1306690,black
1306689,black
1306688,red
1306687,red
1306684,red
1306682,red
1306680,black
1306678,red
1306677,red
1306676,black
1306675,red
1306674,black
1306673,black
1306672,red
1306671,black
1306670,black
1306669,black
1306667,red
1306666,black
1306665,red
1306664,red
1306662,black
1306661,red
1306660,red
1306659,red
1306658,red
1306657,red
1306656,red
1306655,black
1306654,black
1306653,black
1306652,black
1306651,red
1306650,red
1306649,black
1306648,red
1306647,black
1306645,red
1306644,black
1306643,red
1306642,red
1306641,black
1306640,red
1306638,black
1306637,red
1306636,black
1306635,black
1306633,black
1306632,black
1306631,black
1306630,black
1306627,black
1306626,red
1306624,red
1306620,black
1306616,black
1306615,red
1306613,red
1306611,black
1306610,red
1306609,red
1306605,black
1306603,black
1306602,red
1306601,black
1306600,red
1306599,red
1306593,red
1306591,red
1306589,red
1306588,black
1306587,black
1306584,red
1306581,black
1306579,red
1306577,black
1306574,red
1306573,red
1306572,black
1306571,black
1306569,black
1306568,red
1306564,black
1306563,black
1306561,red
1306559,red
1306558,red
1306557,black
1306556,black
1306555,red
1306553,red
1306549,red
1306548,red
1306545,black
1306544,red
1306543,red
1306542,black
1306540,red
1306539,red
1306538,black
1306536,black
1306532,red
1306529,red
1306528,black
1306527,red
1306525,black
1306524,red
1306523,red
1306522,black
1306520,black
1306519,black
1306515,red
1306513,red
1306512,red
1306511,black
1306510,red
1306509,black
1306508,red
1306507,red
1306506,red
1306503,red
1306500,black
1306498,black
1306497,red
1306494,black
1306493,black
1306492,red
1306490,black
1306487,black
1306485,red
1306484,red
1306483,black
1306482,black
1306481,black
1306479,red
1306476,black
1306475,black
1306474,red
1306473,red
1306471,black
1306469,red
1306466,red
1306464,red
1306462,red
1306461,black
1306460,red
1306459,red
1306458,black
1306457,black
1306456,red
1306452,red
1306451,red
1306450,black
1306448,red
1306446,red
1306444,black
1306443,black
1306442,red
1306441,red
1306440,black
1306439,black
1306437,red
1306434,red
1306433,red
1306432,red
1306431,black
1306429,black
1306427,red
1306424,red
1306422,black
1306418,red
1306417,red
1306414,black
1306413,red
1306410,red
1306409,black
1306408,black
1306406,red
1306405,red
1306403,red
1306402,red
1306401,red
1306400,red
1306399,red
1306396,red
1306394,red
1306392,black
1306391,black
1306389,black
1306388,red
1306387,red
1306385,red
1306383,red
1306380,red
1306379,black
1306378,red
1306377,black
1306376,red
1306374,black
1306373,red
1306372,red
1306368,red
1306367,black
1306366,black
1306365,red
1306362,red
1306361,red
1306357,black
1306356,black
1306354,red
1306353,black
1306352,black
1306351,red
1306349,black
1306348,red
1306347,red
1306346,red
1306345,black
1306343,black
1306341,red
1306339,black
1306338,red
1306337,black
1306336,black
1306334,black
1306333,black
1306331,red
1306330,red
1306327,red
1306325,red
1306324,black
1306323,black
1306321,black
1306316,red
1306315,black
1306314,black
1306313,black
1306312,red
1306311,red
1306310,black
1306309,black
1306308,black
1306306,red
1306305,red
1306302,black
1306301,black
1306300,black
1306299,red
1306298,red
1306297,red
1306296,red
1306295,red
1306289,red
1306288,black
1306284,red
1306282,black
1306279,black
1306278,red
1306275,black
1306273,black
1306272,red
1306271,red
1306270,red
1306269,black
1306268,black
1306265,black
1306264,red
1306262,black
1306261,red
1306260,black
1306259,black
1306258,red
1306255,red
1306254,red
1306252,black
1306249,black
1306247,black
1306246,red
1306245,red
1306244,red
1306243,red
1306241,black
1306238,red
1306231,black
1306230,red
1306228,black
1306227,black
1306226,black
1306223,red
1306221,red
1306220,black
1306219,red
1306218,red
1306217,black
1306216,black
1306215,black
1306214,red
1306213,black
1306211,black
1306209,black
1306206,black
1306204,black
1306199,black
1306195,red
1306194,red
1306193,black
1306192,red
1306190,black
1306188,black
1306187,black
1306185,red
1306183,black
1306182,black
1306181,black
1306179,black
1306178,red
1306173,red
1306171,red
1306167,black
1306166,red
1306165,red
1306164,red
1306162,red
1306161,red
1306160,red
1306159,red
1306158,black
1306157,black
1306156,black
1306154,red
1306151,red
1306150,black
1306149,black
1306146,red
1306144,black
1306142,black
1306141,black
1306140,black
1306136,red
1306135,black
1306134,black
1306133,red
1306132,black
1306131,black
1306128,red
1306127,red
1306126,black
1306125,black
1306124,black
1306123,black
1306122,red
1306121,black
1306120,black
1306118,red
1306117,black
1306116,red
1306114,red
1306113,black
1306112,red
1306110,black
1306108,black
1306106,black
1306105,black
1306104,black
1306102,red
1306100,red
1306099,red
1306098,black
1306097,black
1306096,black
1306094,red
1306093,red
1306092,black
1306091,black
1306090,black
1306087,red
1306084,red
1306083,black
1306081,red
1306079,black
1306077,red
1306076,red
1306075,black
1306070,red
1306068,red
1306066,black
1306062,black
1306061,black
1306057,black
1306055,black
1306054,red
1306053,black
1306049,black
1306048,red
1306047,red
1306046,black
1306042,black
1306041,red
1306040,red
1306039,red
1306037,red
1306036,black
1306034,red
1306033,red
1306032,black
1306030,red
1306029,red
1306026,black
1306024,black
1306023,red
1306022,red
1306021,red
1306019,black
1306018,red
1306016,black
1306015,red
1306014,black
1306012,black
1306011,red
1306009,black
1306007,red
1306005,red
1306004,red
1305999,black
1305998,black
1305997,black
1305995,red
1305994,black
1305993,black
1305992,red
1305991,black
1305990,black
1305989,black
1305986,red
1305985,black
1305980,red
1305979,black
1305978,black
1305977,red
1305976,red
1305975,red
1305973,red
1305972,red
1305971,black
1305967,red
1305966,red
1305965,black
1305964,black
1305963,red
1305962,red
1305961,red
1305960,black
1305959,black
1305958,black
1305957,red
1305955,black
1305954,black
1305953,red
1305950,black
1305949,red
1305948,red
1305946,black
1305943,red
1305942,red
1305941,red
1305940,red
1305939,black
1305936,black
1305935,black
1305934,black
1305933,red
1305932,black
1305931,red
1305929,red
1305928,red
1305927,black
1305925,red
1305924,black
1305922,black
1305920,black
1305919,red
1305915,black
1305914,black
1305913,red
1305911,black
1305909,black
1305908,red
1305907,red
1305905,red
1305904,black
1305903,black
1305902,black
1305901,red
1305900,black
1305899,black
1305896,black
1305894,red
1305893,red
1305892,black
1305891,black
1305890,black
1305889,black
1305888,black
1305885,black
1305884,red
1305883,black
1305882,black
1305881,black
1305880,black
1305879,black
1305878,black
1305877,red
1305876,black
1305875,black
1305873,red
1305872,black
1305870,black
1305869,red
1305863,black
1305862,black
1305861,red
1305859,red
1305857,black
1305856,red
1305855,red
1305854,red
1305853,black
1305849,black
1305842,black
1305834,black
1305833,red
1305831,red
1305826,black
1305824,black
1305822,black
1305821,black
1305819,red
1305818,red
1305816,red
1305811,black
1305807,red
1305806,black
1305803,black
1305802,red
1305799,red
1305792,black
1305791,red
1305790,black
1305789,black
1305788,black
1313740,black
1313739,red
1313738,red
1313721,black
1305787,black
1305785,black
1305784,red
1305783,black
1305782,red
1305781,red
1305779,red
1305778,red
1305777,red
1305775,red
1305772,red
1305771,red
1305770,red
1305769,red
1305768,black
1305766,black
1305765,red
1305764,red
1305762,red
1305758,black
1305756,red
1305755,red
1305754,red
1305753,black
1305752,black
1305750,black
1305749,red
1305748,black
1305746,black
1305745,black
1305744,red
1305743,red
1305742,black
